-- phpMyAdmin SQL Dump
-- version phpStudy 2014
-- http://www.phpmyadmin.net
--
-- 主机: localhost
-- 生成日期: 2020 年 07 月 01 日 22:18
-- 服务器版本: 5.5.47
-- PHP 版本: 5.3.29

SET SQL_MODE="NO_AUTO_VALUE_ON_ZERO";
SET time_zone = "+00:00";


/*!40101 SET @OLD_CHARACTER_SET_CLIENT=@@CHARACTER_SET_CLIENT */;
/*!40101 SET @OLD_CHARACTER_SET_RESULTS=@@CHARACTER_SET_RESULTS */;
/*!40101 SET @OLD_COLLATION_CONNECTION=@@COLLATION_CONNECTION */;
/*!40101 SET NAMES utf8 */;

--
-- 数据库: `opentrip`
--

-- --------------------------------------------------------

--
-- 表的结构 `travel_admin`
--

CREATE TABLE IF NOT EXISTS `travel_admin` (
  `id` tinyint(3) unsigned NOT NULL AUTO_INCREMENT,
  `username` varchar(10) NOT NULL COMMENT '用户名',
  `password` char(32) NOT NULL COMMENT '密码',
  `salt` char(6) NOT NULL COMMENT '密钥',
  `priv` int(1) NOT NULL DEFAULT '1' COMMENT '管理员权限，0为最高级权限，1为普通权限',
  PRIMARY KEY (`id`),
  UNIQUE KEY `username` (`username`)
) ENGINE=InnoDB  DEFAULT CHARSET=utf8 AUTO_INCREMENT=3 ;

--
-- 转存表中的数据 `travel_admin`
--

INSERT INTO `travel_admin` (`id`, `username`, `password`, `salt`, `priv`) VALUES
(1, 'admin', '56802b0058be8a26bd633d5f46760dfb', 'ItcAst', 0),
(2, 'admin2', '7c0b0e32b0c43f3fa73450a6050a9ef4', '9251c2', 1);

-- --------------------------------------------------------

--
-- 表的结构 `travel_category`
--

CREATE TABLE IF NOT EXISTS `travel_category` (
  `id` int(10) unsigned NOT NULL AUTO_INCREMENT,
  `name` varchar(20) NOT NULL COMMENT '分类名',
  `pid` int(10) unsigned NOT NULL COMMENT '父分类ID',
  PRIMARY KEY (`id`)
) ENGINE=InnoDB  DEFAULT CHARSET=utf8 AUTO_INCREMENT=19 ;

--
-- 转存表中的数据 `travel_category`
--

INSERT INTO `travel_category` (`id`, `name`, `pid`) VALUES
(1, '签证', 0),
(2, '地区', 0),
(4, '门票', 0),
(8, '欧洲', 1),
(9, '旅游签证', 8),
(10, '上海', 9),
(11, '欧洲', 2),
(12, '当地参团', 11),
(13, '亚洲', 2),
(14, '南美洲', 2),
(15, '中东非洲', 2),
(16, '北美及加勒比海', 2),
(17, '海岛', 2),
(18, '南极/北极', 2);

-- --------------------------------------------------------

--
-- 表的结构 `travel_order`
--

CREATE TABLE IF NOT EXISTS `travel_order` (
  `id` int(10) unsigned NOT NULL AUTO_INCREMENT,
  `user_id` int(10) unsigned NOT NULL COMMENT '购买者用户ID',
  `product` text NOT NULL COMMENT '商品信息',
  `address` text NOT NULL COMMENT '收件人信息',
  `price` decimal(10,2) NOT NULL COMMENT '订单价格',
  `add_time` timestamp NOT NULL DEFAULT CURRENT_TIMESTAMP COMMENT '下单时间',
  `cancel` enum('yes','no') NOT NULL COMMENT '是否取消',
  `payment` enum('yes','no') NOT NULL COMMENT '是否支付',
  PRIMARY KEY (`id`)
) ENGINE=InnoDB  DEFAULT CHARSET=utf8 AUTO_INCREMENT=10 ;

--
-- 转存表中的数据 `travel_order`
--

INSERT INTO `travel_order` (`id`, `user_id`, `product`, `address`, `price`, `add_time`, `cancel`, `payment`) VALUES
(3, 1, 'a:1:{i:0;a:4:{s:2:"id";i:5;s:3:"num";i:1;s:4:"name";s:39:"西藏羌塘本色之旅（10天9晚）";s:5:"price";s:8:"78200.00";}}', 'a:4:{s:9:"consignee";s:12:"gaoxufeng233";s:7:"address";s:21:"北京,东城区,,123";s:5:"phone";s:11:"13122229992";s:5:"email";s:12:"123@bing.com";}', '78200.00', '2016-06-22 05:16:39', 'no', 'no'),
(4, 3, 'a:1:{i:0;a:4:{s:2:"id";i:4;s:3:"num";i:1;s:4:"name";s:61:"巴西阿根廷智利秘鲁16天深度品质团--美国航空";s:5:"price";s:8:"43600.00";}}', 'a:4:{s:9:"consignee";s:0:"";s:7:"address";s:0:"";s:5:"phone";s:0:"";s:5:"email";s:0:"";}', '43600.00', '2016-06-22 05:58:13', 'no', 'no'),
(9, 5, 'a:1:{i:0;a:4:{s:2:"id";i:10;s:3:"num";i:1;s:4:"name";s:20:"瑞士酒店8天7晚";s:5:"price";s:3:"899";}}', 'a:4:{s:9:"consignee";s:0:"";s:7:"address";s:0:"";s:5:"phone";s:0:"";s:5:"email";s:0:"";}', '899.00', '2020-07-01 08:19:32', 'no', 'no');

-- --------------------------------------------------------

--
-- 表的结构 `travel_product`
--

CREATE TABLE IF NOT EXISTS `travel_product` (
  `id` int(10) unsigned NOT NULL AUTO_INCREMENT,
  `category_id` int(10) unsigned NOT NULL COMMENT '所属分类ID',
  `admin_id` int(10) DEFAULT '1' COMMENT '管理员id',
  `sn` varchar(25) NOT NULL COMMENT '商品编号',
  `name` varchar(40) NOT NULL COMMENT '商品名',
  `price` int(11) NOT NULL COMMENT '价格',
  `stock` int(10) unsigned NOT NULL COMMENT '库存量',
  `thumb` varchar(150) DEFAULT NULL COMMENT '预览图',
  `pic1` varchar(150) DEFAULT NULL,
  `pic2` varchar(150) DEFAULT NULL,
  `pic3` varchar(150) DEFAULT NULL,
  `pic4` varchar(150) DEFAULT NULL,
  `pic5` varchar(150) DEFAULT NULL,
  `on_sale` enum('yes','no') NOT NULL DEFAULT 'no' COMMENT '是否上架',
  `recommend` enum('yes','no') NOT NULL DEFAULT 'no' COMMENT '是否推荐',
  `add_time` timestamp NOT NULL DEFAULT CURRENT_TIMESTAMP COMMENT '添加时间',
  `desc` text COMMENT '产品详情',
  `travel_ref` text COMMENT '行程参考',
  `cost_desc` text COMMENT '费用说明',
  `reserve_notice` text COMMENT '预定须知',
  `restrict` text COMMENT '改退规定',
  `info` text COMMENT '问题咨询',
  `recycle` enum('yes','no') NOT NULL DEFAULT 'no' COMMENT '是否删除',
  `highlight1` varchar(45) DEFAULT NULL COMMENT '亮点',
  `highlight2` varchar(45) DEFAULT NULL,
  `highlight3` varchar(45) DEFAULT NULL,
  `confirm` enum('yes','no') NOT NULL DEFAULT 'yes' COMMENT '二次确认',
  `language` varchar(45) DEFAULT NULL COMMENT '服务语言',
  `continent` varchar(45) DEFAULT NULL COMMENT '洲',
  `country` varchar(45) DEFAULT NULL,
  `city` varchar(45) DEFAULT NULL,
  `start` varchar(45) DEFAULT NULL COMMENT '出发地',
  `path` varchar(45) DEFAULT NULL COMMENT '途径',
  `end` varchar(45) DEFAULT NULL COMMENT '目的地',
  `detail_property` varchar(45) DEFAULT NULL COMMENT '细分属性',
  `market_price` varchar(45) DEFAULT NULL COMMENT '市场价，门市价',
  `child_price` varchar(45) DEFAULT NULL,
  `deposit` varchar(45) DEFAULT NULL COMMENT '定金',
  `promotion` varchar(45) DEFAULT NULL COMMENT '促销活动',
  `start_time` varchar(45) DEFAULT NULL COMMENT '出游日期',
  `people` varchar(45) DEFAULT NULL COMMENT '出游人群',
  `days` varchar(45) DEFAULT NULL COMMENT '行程天数',
  `place_of_issue` varchar(45) DEFAULT NULL COMMENT '签发地（签证专用）',
  `visa_type` varchar(45) DEFAULT NULL COMMENT '签证类型',
  `sent_visa_place` varchar(45) DEFAULT NULL COMMENT '送签地',
  `ship_depart_city` varchar(45) DEFAULT NULL COMMENT '邮轮出发城市',
  `ship_route` varchar(45) DEFAULT NULL COMMENT '邮轮航线',
  `ship_company` varchar(45) DEFAULT NULL COMMENT '邮轮公司',
  `ship_name` varchar(45) DEFAULT NULL COMMENT '船名',
  `ship_depart_time` varchar(45) DEFAULT NULL COMMENT '邮轮出发日期',
  `plan1_name` varchar(45) DEFAULT NULL,
  `plan1_price` int(11) DEFAULT NULL,
  `plan2_name` varchar(45) DEFAULT NULL,
  `plan2_price` int(11) DEFAULT NULL,
  `plan3_name` varchar(45) DEFAULT NULL,
  `plan3_price` int(11) DEFAULT NULL,
  `plan4_name` varchar(45) DEFAULT NULL,
  `plan4_price` int(11) DEFAULT NULL,
  `plan5_name` varchar(45) DEFAULT NULL,
  `plan5_price` int(11) DEFAULT NULL,
  `plan6_name` varchar(45) DEFAULT NULL,
  `plan6_price` int(11) DEFAULT NULL,
  `info_fee` int(11) DEFAULT '0' COMMENT '信息费%',
  `discount` int(11) DEFAULT '0' COMMENT '优惠额%',
  PRIMARY KEY (`id`)
) ENGINE=InnoDB  DEFAULT CHARSET=utf8 AUTO_INCREMENT=11 ;

--
-- 转存表中的数据 `travel_product`
--

INSERT INTO `travel_product` (`id`, `category_id`, `admin_id`, `sn`, `name`, `price`, `stock`, `thumb`, `pic1`, `pic2`, `pic3`, `pic4`, `pic5`, `on_sale`, `recommend`, `add_time`, `desc`, `travel_ref`, `cost_desc`, `reserve_notice`, `restrict`, `info`, `recycle`, `highlight1`, `highlight2`, `highlight3`, `confirm`, `language`, `continent`, `country`, `city`, `start`, `path`, `end`, `detail_property`, `market_price`, `child_price`, `deposit`, `promotion`, `start_time`, `people`, `days`, `place_of_issue`, `visa_type`, `sent_visa_place`, `ship_depart_city`, `ship_route`, `ship_company`, `ship_name`, `ship_depart_time`, `plan1_name`, `plan1_price`, `plan2_name`, `plan2_price`, `plan3_name`, `plan3_price`, `plan4_name`, `plan4_price`, `plan5_name`, `plan5_price`, `plan6_name`, `plan6_price`, `info_fee`, `discount`) VALUES
(1, 11, 1, 'FRXL-001', '巴黎酒店', 78200, 10, '1.jpg', '1.jpg', '1.jpg', '1.jpg', '1.jpg', '1.jpg', 'yes', 'yes', '2020-04-28 08:28:56', '', '', '', '<p><strong>【预订确认】</strong><br />本产品预订后需要二次确认。<br /><strong>【携带证件】</strong><br />请携带护照参加本行程。<br /><strong>【不可转让】</strong><br />本产品一旦购买不能转让<br /><strong>【迟到、未参加】</strong><br />因个人原因未入住，不予负责且定金不予退还。<br /></p>', '<p>本产品预订后，经二次确认后取消或修改订单将不予退款。</p>', '', 'no', '【朝圣之旅】', '【左岸人文】', '【经典文化】', 'yes', '普通话', '欧洲', '法国', '巴黎', '香榭丽舍大街Disney门口或凯旋门门口', '', '', '', '', '', '50', '', '夏季晚7点至8点半每半小时准时发车，冬季下午3、4、5、6点也可发车', '三人起发团', '', '', '入台证', '', NULL, NULL, NULL, NULL, NULL, NULL, NULL, NULL, NULL, NULL, NULL, NULL, NULL, NULL, NULL, NULL, NULL, NULL, NULL),
(2, 11, 1, 'FRXL-002', '奥地利捷克匈牙利酒店（10天9晚）', 10, 0, '3.jpg', '3.jpg', '5.jpg', '4.jpg', '3.jpg', '3.jpg', 'yes', 'yes', '2020-04-28 06:56:31', '', '', '', '<p><strong>【预订确认】</strong><br />本产品预订后需要二次确认。<br /><strong>【携带证件】</strong><br />请携带护照或其他有效身份证件参加本行程。<br /><strong>【特别提示】</strong><br />1.根据客人实际需求，线路、住宿、交通、报价等具体信息将通过邮件发送至客人邮箱进行二次确认。<br />2.本产品以客人最终全额付款作为二次确认。<br /><strong>【不可转让】</strong><br />本产品一旦购买不能转让<br /><strong>【迟到、未参加】</strong><br />个人原因迟到或未参加行程，不予负责且不退款。<br /></p>', '<p>本产品预订后，经二次确认后取消或修改订单将不予退款。</p>', '', 'no', '【欧洲最美小镇】', '【音乐之声仙境】', '【彩色波希米亚风】', 'yes', '普通话', '欧洲', '奥地利', '', '布拉格', '卡罗维发利、皮尔森、萨尔茨堡、哈尔施塔特、维也纳', '布达佩斯', '', '8888', '10', '', '', '', '', '十天九晚', '', '入台证', '', NULL, NULL, NULL, NULL, NULL, NULL, NULL, NULL, NULL, NULL, NULL, NULL, NULL, NULL, NULL, NULL, NULL, NULL, NULL),
(3, 11, 1, 'FRXL-004', '法国酒店（9天8晚）', 0, 0, '6.jpg', '5.jpg', '4.jpg', '6.jpg', '5.jpg', '6.jpg', 'yes', 'yes', '2020-04-28 07:45:33', '', '', '', '<p><strong>【预订确认】</strong><br />本产品预订后需要二次确认。<br /><strong>【携带证件】</strong><br />请携带护照或其他有效身份证件参加本行程。<br /><strong>【特别提示】</strong><br />1.根据客人实际需求，线路、住宿、交通、报价等具体信息将通过邮件发送至客人邮箱进行二次确认。<br />2.本产品以客人最终全额付款作为二次确认。<br /><strong>【不可转让】</strong><br />本产品一旦购买不能转让<br /><strong>【迟到、未参加】</strong><br />个人原因迟到或未参加行程，不予负责且不退款。<br /></p>', '<p>本产品预订后，经二次确认后取消或修改订单将不予退款。</p>', '', 'no', '【深度】', '【红酒】', '【美食】', 'yes', '普通话', '欧洲', '法国', '巴黎', '巴黎', '波尔多 圣埃米利翁 多尔多涅 卢瓦尔河谷 图尔古堡', '巴黎', '', '', '', '', '', '', '', '九天八晚', '', '入台证', '', NULL, NULL, NULL, NULL, NULL, NULL, NULL, NULL, NULL, NULL, NULL, NULL, NULL, NULL, NULL, NULL, NULL, NULL, NULL),
(4, 14, 1, 'LMT-AA-BACP-16', '巴西阿根廷智利秘鲁酒店', 43600, 89, '7.jpg', '6.jpg', '9.jpg', '5.jpg', '4.jpg', '6.jpg', 'yes', 'yes', '2020-04-21 11:19:37', '', '', '<p><strong>费用包含</strong></p><p>1.机票 <br />2.空调巴士  <br />3.行程所列首道景点门票（自费景点除外）  <br />4.当地标准双人间住宿  <br />5.包行程中所列早、午、晚餐（太早，飞机车船上已提供除外）  <br />6.导游(司机)陪同  <br />7.签证费  <br />8.全程司机导游服务费  <br />9.离境税及机场税  <br />特别赠送： 1瓶矿泉水/人/天  </p><p><br /><strong>不含项目</strong></p><p>1.医疗及人身意外险等，需客人自行购买  <br />2.个人其它消费等<br />3.境外自选项目<br />4.如单数报名且拼不到客人分担房间，如1,3,5人等，需补全程酒店单房差：6500元 /人全程<br /><br /></p>', '<p><strong>【预订确认】</strong><br />本产品预订后需要二次确认具体线路、定金金额和所需提供资料。<br /><strong>【特别提示】</strong><br />* 6人即可成团，10人以上派领队。<br />* 团队位子最终确认以定金以及客户资料到齐为准。<br />* 若客人因自身原因取消，均将根据实际产生的费用收取相应损失费用。<br />* 送签证前7天取消，需收取2000元/人机位定金损失费。签证出来后取消，一个签证需收取 2000元/人损失费用，两个签证收取 4000 元/人损失费用的保证金，以此类推，并收取销签一定额的销签保证金。若客户被领馆拒签，团队其他客人签证出来后要求取消的， 按照签出不走处理；<br />* 行程所列酒店标准为当地酒店评定标准。根据相关行业规定，单人报名原则上会收取单间差，但会尽力调配房间。<br />* 团队不允许客人境外脱团；客户回国后，需持护照原件销签。<br />\r\n  抵达国内后领队会向客人收取护照原件，希望客户给予配合！<br />* 所有客人均需收取销签担保函原件，根据客户具体资质，我方另会加收销签保证金。<br />* 本产品供应商保留因航空公司机位调整,签证,汇率及不可抗力等因素推迟或调整价格及出发日期的权利。</p>', '<p>本产品预订经二次确认后取消或修改订单均将根据实际产生的费用收取相应损失费用，具体见预定须知。</p>', '', 'no', '赠送美国签证，如有美签再减1000元/人', '航班国际段采用美国AA航空，行李一站到南美', '世界新7大奇迹：耶稣山游览', 'yes', '普通话', '南美洲', '巴西', '', '北京、上海、香港', '', '巴西、阿根廷、智利、秘鲁', '品质团', '88888', '', '', '', '2020年9月27日、2020年12月1日', '', '16天', '', '入台证', '', NULL, NULL, NULL, NULL, NULL, NULL, NULL, NULL, NULL, NULL, NULL, NULL, NULL, NULL, NULL, NULL, NULL, NULL, NULL),
(5, 13, 1, 'MVSHARIFA001', '马尔代夫酒店8 天7 ', 899, 90, '2.jpg', '10.jpg', '6.jpg', '1.jpg', '6.jpg', '3.jpg', 'yes', 'yes', '2020-04-22 09:06:33', '', '马尔代夫经典中部环礁8 天7 晚船宿</span></p><p><span style="white-space:nowrap;">价格：</span></p><p><span style="white-space:nowrap;">双人间（2 间）：$ 1 7 0 0 /人（双人房住单人，加收7 0％）</span></p><p><span style="white-space:nowrap;">三人间（5 间）：$ 1 4 3 0 /人（3 人房住2 人，加收2 0％）</span></p><p><span style="white-space:nowrap;">海景房（2 间）：$ 3 5 0 0 /间</span></p><p><br /></p>', '<p><strong>价格包括：</strong></p><p>- 船上住宿</p><p>- 每日3 餐（早、中、晚餐）</p><p>- 每天3 潜（除了最后一个潜水日），每周1 个夜潜（8 天7 晚行程共17 潜）</p><p>- 2 个有经验的英文／中文潜导</p><p>- 每潜后的小吃、水果、点心及热饮</p><p>- 每天24 小时供应咖啡、茶、及饮用水（饮水机）</p><p>- 启程及回程日马累机场到船宿船的免费接送</p><p>- 气瓶、配重及配重带</p><p>- 马尔代夫政府税（12%）及马尔代夫床税(Bed Tax)</p><p><br /></p><p><strong>价格不包括：</strong></p><p>- 机票</p><p>- 海洋保护区保护费、海洋公园门票</p><p>- 装备租赁</p><p>- 额外夜潜（价格根据人数而定）</p><p>- 额外潜导：$120／潜导／天（中文／英文）</p><p>- 啤酒、酒精饮料、软饮</p><p>- 圣诞夜、新年除夕、春节除夕的庆祝晚宴附加费，每人每次$45 美元</p><p>- 客户个人保险</p><p>- 马尔代夫环境税(Maldives Green Tax)（从2015 年11 月1 日起征收，每人每晚$6</p><p>美元）</p><p>- 加潜：$35/潜/人；加夜潜：$45/潜/人（取决于海况和参加人数）</p><p>- 小费（建议每人每天$10-$15）</p><p><br /></p><p><strong>船上的其它服务：</strong></p><p>1. 免费WI-FI（在有的地方或者航行途中可能会没有信号）</p><p>2. 无人岛上的BBQ 晚餐一次（上岛费每人每次$10-$20 美元）</p><p>3. 马尔代夫特色晚宴及狂欢Party</p><p>4. 夜钓或白天的出海钓鱼</p><p>5. 无限浮潜及沙滩游（条件允许情况下）</p><p>6. 离船日马累市区游（2 小时），如果客户要求并且航班时间允许</p><p>7. 代订马累市区或机场岛的酒店</p><p>8. 从马累市区及机场岛的酒店到机场的接送服务（每次80MVR）</p><p>9. 圣诞夜、新年除夕、春节除夕的庆祝晚宴（另外收费）</p><p><br /></p><p><span style="font-size:19px;font-family:''华文细黑'';"><span style="line-height:0px;">‍</span></span><span style="line-height:0px;">‍</span><strong>装备租赁</strong>：$180/行程/人（全套，不含象拔及手电）<span style="line-height:0px;">‍</span><span style="font-family:''华文细黑'';"><span style="line-height:0px;">‍</span></span></p><table border="1" cellspacing="0" cellpadding="0" style="border:none;"><tbody><tr><td width="141" valign="top" style="width:141px;border-width:1px;padding:0 7px;"><p><span style="font-family:''华文细黑'';">装备</span></p></td><td width="57" valign="top" style="width:57px;border-top-width:1px;border-right-width:1px;border-bottom-width:1px;border-left-style:none;padding:0 7px;"><p><span style="font-family:''华文细黑'';">租金</span></p><p><span style="font-family:''华文细黑'';">（每天）</span></p></td><td width="95" valign="top" style="width:95px;border-top-width:1px;border-right-width:1px;border-bottom-width:1px;border-left-style:none;padding:0 7px;"><p><span style="font-family:''华文细黑'';">租金</span></p><p><span style="font-family:''华文细黑'';">（每船期）</span></p></td><td width="104" valign="top" style="width:104px;border-top-width:1px;border-right-width:1px;border-bottom-width:1px;border-left-style:none;padding:0 7px;"><p><span style="font-family:''华文细黑'';">损坏／遗失</span></p><p><span style="font-family:''华文细黑'';">赔偿金额</span></p><p><span style="font-family:''华文细黑'';"> </span></p></td><td width="157" valign="top" style="width:157px;border-top-width:1px;border-right-width:1px;border-bottom-width:1px;border-left-style:none;padding:0 7px;"><p><span style="font-family:''华文细黑'';">备注</span></p><p><span style="font-family:''华文细黑'';"> </span></p></td></tr><tr><td width="141" valign="top" style="width:141px;border-right-width:1px;border-bottom-width:1px;border-left-width:1px;border-top-style:none;padding:0 7px;"><p><span style="font-family:''华文细黑'';">浮力控制装置<span>(BCD)</span></span></p></td><td width="57" valign="top" style="width:57px;border-top-style:none;border-left-style:none;border-bottom-width:1px;border-right-width:1px;padding:0 7px;"><p><span style="font-family:''华文细黑'';">$15</span></p></td><td width="95" valign="top" style="width:95px;border-top-style:none;border-left-style:none;border-bottom-width:1px;border-right-width:1px;padding:0 7px;"><p><span style="font-family:''华文细黑'';">$75</span></p></td><td width="104" valign="top" style="width:104px;border-top-style:none;border-left-style:none;border-bottom-width:1px;border-right-width:1px;padding:0 7px;"><p><span style="font-family:''华文细黑'';">$450</span></p></td><td width="157" valign="top" style="width:157px;border-top-style:none;border-left-style:none;border-bottom-width:1px;border-right-width:1px;padding:0 7px;"><p><span style="font-family:''华文细黑'';">请提前告知号码</span></p></td></tr><tr><td width="141" valign="top" style="width:141px;border-right-width:1px;border-bottom-width:1px;border-left-width:1px;border-top-style:none;padding:0 7px;"><p><span style="font-family:''华文细黑'';">调节器<span>(Regulator)</span></span></p></td><td width="57" valign="top" style="width:57px;border-top-style:none;border-left-style:none;border-bottom-width:1px;border-right-width:1px;padding:0 7px;"><p><span style="font-family:''华文细黑'';">$15</span></p></td><td width="95" valign="top" style="width:95px;border-top-style:none;border-left-style:none;border-bottom-width:1px;border-right-width:1px;padding:0 7px;"><p><span style="font-family:''华文细黑'';">$75</span></p></td><td width="104" valign="top" style="width:104px;border-top-style:none;border-left-style:none;border-bottom-width:1px;border-right-width:1px;padding:0 7px;"><p><span style="font-family:''华文细黑'';">$450</span></p></td><td width="157" valign="top" style="width:157px;border-top-style:none;border-left-style:none;border-bottom-width:1px;border-right-width:1px;padding:0 7px;"><p><span style="font-family:''华文细黑'';">Yoke </span><span style="font-family:''华文细黑'';">接口</span></p></td></tr><tr><td width="141" valign="top" style="width:141px;border-right-width:1px;border-bottom-width:1px;border-left-width:1px;border-top-style:none;padding:0 7px;"><p><span style="font-family:''华文细黑'';">湿衣<span>(Wet Suit)</span></span></p></td><td width="57" valign="top" style="width:57px;border-top-style:none;border-left-style:none;border-bottom-width:1px;border-right-width:1px;padding:0 7px;"><p><span style="font-family:''华文细黑'';">$8</span></p></td><td width="95" valign="top" style="width:95px;border-top-style:none;border-left-style:none;border-bottom-width:1px;border-right-width:1px;padding:0 7px;"><p><span style="font-family:''华文细黑'';">$40</span></p></td><td width="104" valign="top" style="width:104px;border-top-style:none;border-left-style:none;border-bottom-width:1px;border-right-width:1px;padding:0 7px;"><p><span style="font-family:''华文细黑'';">$200</span></p></td><td width="157" valign="top" style="width:157px;border-top-style:none;border-left-style:none;border-bottom-width:1px;border-right-width:1px;padding:0 7px;"><p><span style="font-family:''华文细黑'';">3mm</span></p></td></tr><tr><td width="141" valign="top" style="width:141px;border-right-width:1px;border-bottom-width:1px;border-left-width:1px;border-top-style:none;padding:0 7px;"><p><span style="font-family:''华文细黑'';">面镜<span>(Mask)</span></span></p></td><td width="57" valign="top" style="width:57px;border-top-style:none;border-left-style:none;border-bottom-width:1px;border-right-width:1px;padding:0 7px;"><p><span style="font-family:''华文细黑'';">$5</span></p></td><td width="95" valign="top" style="width:95px;border-top-style:none;border-left-style:none;border-bottom-width:1px;border-right-width:1px;padding:0 7px;"><p><span style="font-family:''华文细黑'';">$25</span></p></td><td width="104" valign="top" style="width:104px;border-top-style:none;border-left-style:none;border-bottom-width:1px;border-right-width:1px;padding:0 7px;"><p><span style="font-family:''华文细黑'';">$65</span></p></td><td width="157" valign="top" style="width:157px;border-top-style:none;border-left-style:none;border-bottom-width:1px;border-right-width:1px;padding:0 7px;"><p><span style="font-family:''华文细黑'';"> </span></p></td></tr><tr><td width="141" valign="top" style="width:141px;border-right-width:1px;border-bottom-width:1px;border-left-width:1px;border-top-style:none;padding:0 7px;"><p><span style="font-family:''华文细黑'';">脚蹼<span>(Fins)</span></span></p></td><td width="57" valign="top" style="width:57px;border-top-style:none;border-left-style:none;border-bottom-width:1px;border-right-width:1px;padding:0 7px;"><p><span style="font-family:''华文细黑'';">$5</span></p></td><td width="95" valign="top" style="width:95px;border-top-style:none;border-left-style:none;border-bottom-width:1px;border-right-width:1px;padding:0 7px;"><p><span style="font-family:''华文细黑'';">$25</span></p></td><td width="104" valign="top" style="width:104px;border-top-style:none;border-left-style:none;border-bottom-width:1px;border-right-width:1px;padding:0 7px;"><p><span style="font-family:''华文细黑'';">$80</span></p></td><td width="157" valign="top" style="width:157px;border-top-style:none;border-left-style:none;border-bottom-width:1px;border-right-width:1px;padding:0 7px;"><p><span style="font-family:''华文细黑'';">请提前告知尺码</span></p></td></tr><tr><td width="141" valign="top" style="width:141px;border-right-width:1px;border-bottom-width:1px;border-left-width:1px;border-top-style:none;padding:0 7px;"><p><span style="font-family:''华文细黑'';">潜靴<span>(Boots)</span></span></p></td><td width="57" valign="top" style="width:57px;border-top-style:none;border-left-style:none;border-bottom-width:1px;border-right-width:1px;padding:0 7px;"><p><span style="font-family:''华文细黑'';">$3</span></p></td><td width="95" valign="top" style="width:95px;border-top-style:none;border-left-style:none;border-bottom-width:1px;border-right-width:1px;padding:0 7px;"><p><span style="font-family:''华文细黑'';">$15</span></p></td><td width="104" valign="top" style="width:104px;border-top-style:none;border-left-style:none;border-bottom-width:1px;border-right-width:1px;padding:0 7px;"><p><span style="font-family:''华文细黑'';">$40</span></p></td><td width="157" valign="top" style="width:157px;border-top-style:none;border-left-style:none;border-bottom-width:1px;border-right-width:1px;padding:0 7px;"><p><span style="font-family:''华文细黑'';">请提前告知尺码</span></p></td></tr><tr><td width="141" valign="top" style="width:141px;border-right-width:1px;border-bottom-width:1px;border-left-width:1px;border-top-style:none;padding:0 7px;"><p><span style="font-family:''华文细黑'';">象拔<span>(SMB)</span></span></p></td><td width="57" valign="top" style="width:57px;border-top-style:none;border-left-style:none;border-bottom-width:1px;border-right-width:1px;padding:0 7px;"><p><span style="font-family:''华文细黑'';">$3</span></p></td><td width="95" valign="top" style="width:95px;border-top-style:none;border-left-style:none;border-bottom-width:1px;border-right-width:1px;padding:0 7px;"><p><span style="font-family:''华文细黑'';">$15</span></p></td><td width="104" valign="top" style="width:104px;border-top-style:none;border-left-style:none;border-bottom-width:1px;border-right-width:1px;padding:0 7px;"><p><span style="font-family:''华文细黑'';">$35</span></p></td><td width="157" valign="top" style="width:157px;border-top-style:none;border-left-style:none;border-bottom-width:1px;border-right-width:1px;padding:0 7px;"><p><span style="font-family:''华文细黑'';">含线轴</span></p></td></tr><tr><td width="141" valign="top" style="width:141px;border-right-width:1px;border-bottom-width:1px;border-left-width:1px;border-top-style:none;padding:0 7px;"><p><span style="font-family:''华文细黑'';">潜水手电<span>(Torch)</span></span></p></td><td width="57" valign="top" style="width:57px;border-top-style:none;border-left-style:none;border-bottom-width:1px;border-right-width:1px;padding:0 7px;"><p><span style="font-family:''华文细黑'';">$8</span></p></td><td width="95" valign="top" style="width:95px;border-top-style:none;border-left-style:none;border-bottom-width:1px;border-right-width:1px;padding:0 7px;"><p><span style="font-family:''华文细黑'';">$40</span></p></td><td width="104" valign="top" style="width:104px;border-top-style:none;border-left-style:none;border-bottom-width:1px;border-right-width:1px;padding:0 7px;"><p><span style="font-family:''华文细黑'';">$100</span></p></td><td width="157" valign="top" style="width:157px;border-top-style:none;border-left-style:none;border-bottom-width:1px;border-right-width:1px;padding:0 7px;"><p><span style="font-family:''华文细黑'';"> </span></p></td></tr></tbody></table><p><span style="font-family:''华文细黑'';"> </span></p><p><br /></p>', '', '<p>本产品预订后，经二次确认后取消或修改订单将不予退款。</p>', '', 'no', '潜水', '船宿', '', 'yes', '中文 英语', '亚洲', '马尔代夫', '马累', '', '', '', '亲密自然', '', '', '', '', '', '', '8天', '', '入台证', '', NULL, NULL, NULL, NULL, NULL, NULL, NULL, NULL, NULL, NULL, NULL, NULL, NULL, NULL, NULL, NULL, NULL, NULL, NULL),
(6, 11, 1, 'FRXL-003', '法国十日酒店（10天9晚）', 0, 0, '6.jpg', '8.jpg', '7.jpg', '9.jpg', '10.jpg', '5.jpg', 'yes', 'yes', '2020-04-21 07:09:31', '', '', '<p>请输入费用说明。</p>', '<p><strong>【预订确认】</strong><br />本产品预订后需要二次确认。<br /><strong>【携带证件】</strong><br />请携带护照或其他有效身份证件参加本行程。<br /><strong>【特别提示】</strong><br />1.根据客人实际需求，线路、住宿、交通、报价等具体信息将通过邮件发送至客人邮箱进行二次确认。<br />2.本产品以客人最终全额付款作为二次确认。<br /><strong>【不可转让】</strong><br />本产品一旦购买不能转让<br /><strong>【迟到、未参加】</strong><br />个人原因迟到或未参加行程，不予负责且不退款。<br /></p>', '<p>本产品预订后，经二次确认后取消或修改订单将不予退款。</p>', '', 'no', '【红酒】', '【深度游】', '【主题游】', 'yes', '普通话', '欧洲', '法国', '巴黎', '巴黎', '第戎 波尔多', '巴黎', '', '', '', '', '', '', '', '十天九晚', '', '入台证', '', NULL, NULL, NULL, NULL, NULL, NULL, NULL, NULL, NULL, NULL, NULL, NULL, NULL, NULL, NULL, NULL, NULL, NULL, NULL),
(7, 13, 1, 'KZUT-001', '哈萨克斯酒店（5天4晚）', 0, 0, '7.jpg', '8.png', '6.jpg', '3.jpg', '9.jpg', '6.jpg', 'yes', 'yes', '2020-04-21 11:31:53', '', '<p>第一天：乌鲁木齐--阿拉木图<br />\r\n       乌鲁木齐国际机场乘国际航班飞赴哈萨克斯坦最大的城市--阿拉木图。<br />\r\n       抵达阿拉木图，安排接机，驱车前往住宿酒店，办理入住手续，休息调整。<br />住宿：酒店<br />餐饮：晚餐（酒店晚餐）  <br /><br />第二天：<br />\r\n       阿拉木图～巴卡纳斯猎场培训基地 130公里<br />\r\n       餐后乘专车前往猎场培训基地，离市区130多公里，<br />\r\n       有两名专业的猎手教您如何使用枪支，入门联系射击瓶子和麻雀，初步学习熟悉枪支后。<br />\r\n       枪支正确使用知识，防止自己伤到自己或者他人。<br />\r\n       驾车行驶到达巴卡纳斯猎场，由猎手陪您熟悉猎场环境。同时欣赏风景，自然摄影。<br />\r\n       晚餐后，保证充足的休息，养精蓄锐，迎接第二天的愉快狩猎之旅。<br />•	  餐饮：早（酒店）、中（哈萨克特色餐）、晚餐（自助烧烤） <br />住宿：巴卡纳斯培训基地<br />第三天：<br />\r\n     巴卡纳斯培训基地 ---巴卡纳斯猎场 路程约170公<br />•	8点在猎户家中用早餐， 早餐后徒步进入猎场，与原始森林近距离接触，徒步大约10公里。全程由两名猎手陪同，两条猎狗为您引路。午饭后休息大约一个小时， 下午的驾车深入猎场，寻找大型猎物。傍晚狩猎结束，驾车回营地。<br />•	餐饮：早（猎户家）、中（特色餐）、晚餐（营地加工猎物）<br /> 住宿：标准宿营<br /></p>', '<p><strong>费用包含</strong><br /></p><ul><li>当地五星级酒店标准间+齐全的营地双人帐篷（甚至包含卫生间和盥洗设备）<br /></li><li>单人间及单人帐篷需另加费用；<br /></li><li>全程中高档特色哈萨克餐，俄罗斯餐<br /></li><li>自助烧烤<br /></li><li>经验丰富的普通话解说，资深野生动物专家的讲解；<br /></li><li>全程丰田霸道或以上级别越野车，3 人/辆，保障舒适安全；<br /></li><li>猎场（门票），司导费用；<br /></li><li>旅游保险。<br /></li></ul><p><br /><strong>不含项目</strong></p><ul><li><p>出发地往返阿拉木图的交通，根据客人的喜好自行安排;<br /></p></li><li><p>全程酒水类和其它个人性质的支出;<br /></p></li><li><p>因个人原因改变行程所产生的相关费用。<br /></p></li></ul>', '<p><strong>【预订确认】</strong><br />本产品预订后需要二次确认。<br /><strong>【携带证件】</strong><br />请携带护照或其他有效身份证件参加本行程。<br /><strong>【特别提示】</strong><br />1.本产品至少满两人出发<br />2.根据客人实际需求，线路、住宿、交通、报价等具体信息将通过邮件发送至客人邮箱进行二次确认。<br />3.本产品以客人最终全额付款作为二次确认。<br /><strong>【不可转让】</strong><br />本产品一旦购买不能转让<br /><strong>【迟到、未参加】</strong><br />因个人原因迟到或未参加行程，不予负责且不退款。<br /></p>', '<p>本产品预订后，经二次确认后取消或修改订单将不予退款。</p>', '', 'no', '【奢华】', '【自然】', '【探险】', 'yes', '普通话', '亚洲', '哈萨克斯坦', '阿拉木图', '阿拉木图', '', '巴卡纳斯猎场', '', '', '', '', '', '2016年一年四季，每个季节的动物不同', '', '5天4晚', '', '入台证', '', NULL, NULL, NULL, NULL, NULL, NULL, NULL, NULL, NULL, NULL, NULL, NULL, NULL, NULL, NULL, NULL, NULL, NULL, NULL),
(8, 13, 1, '', '西藏羌塘酒店（10天9晚）', 78200, 89, '11.jpg', '13.jpg', '12.jpg', '14.jpg', '10.jpg', '11.jpg', 'yes', 'yes', '2020-04-21 08:05:39', '', '', '<p><strong>费用包含</strong></p><ul><li><p>当地五星级酒店标准间+齐全的营地双人帐篷（甚至包含卫生间和盥洗设备）<br /></p></li><li><p>单人间及单人帐篷需另加费用<br /></p></li><li><p>全程中高档特色藏餐/拉萨特色餐厅，专业厨师提供多种口味菜肴<br /></p></li><li><p>经验丰富的普通话解说，资深野生动物专家的讲解<br /></p></li><li><p>全程丰田霸道或以上级别越野车，3 人/辆，保障舒适安全<br /></p></li><li><p>随队医生，氧气、紧急医疗等<br /></p></li><li><p>保护区管理费（门票），司导费用<br /></p></li><li><p>旅游保险<br /></p></li></ul><p><strong>不含项目</strong></p><p></p><ul><li>出发地往返拉萨的交通，根据客人的喜好自行安排<br /></li><li>全程酒水类和其它个人性质的支出<br /></li><li>因个人原因改变行程所产生的相关费用<br /></li></ul><p><br /></p>', '<p><strong>【预订确认】</strong><br />本产品预订后需要二次确认<br /><strong>【携带证件】</strong><br />请携带身份证、护照或其他有效身份证件参加本行程<br /><strong>【不可转让】</strong><br />本产品一旦购买不能转让<br /><strong>【迟到、未参加】</strong><br />因个人原因迟到或未参加行程，不予负责且不退款<br /></p>', '<p>本产品预订后，经二次确认后取消或修改订单将不予退款。</p>', '', 'no', '【奢华】', '【自然】', '【探险】', 'yes', '', '亚洲', '中国', '西藏', '', '', '', '', '', '', '', '', '', '', '10天9晚', '', '入台证', '', NULL, NULL, NULL, NULL, NULL, NULL, NULL, NULL, NULL, NULL, NULL, NULL, NULL, NULL, NULL, NULL, NULL, NULL, NULL),
(9, 13, 1, 'JPNMED001', '日本医疗旅游酒店', 899, 90, '14.jpg', '13.jpg', '15.jpg', '13.jpg', '10.jpg', '11.jpg', 'yes', 'yes', '2020-06-22 10:30:56', '', '', '', '<p>【预订确认】本产品预订后，我们会根据客户的具体需求定制个性化方案后与客户进行二次确认。<br /></p><p>【携带证件】请携带护照或其他有效身份证件参加本行程。</p><p>【特别提示】</p><p>1．根据客人实际需求，线路、住宿、交通、报价等具体信息将通过邮件发送至客人邮箱进行二次确认。</p><p>2．本产品以客人最终全额付款作为二次确认。</p><p>【不可转让】本产品一旦购买不能转让。</p><p>【迟到、未参加】因个人原因迟到或未参加行程，不予负责且不退款。</p><p><br /></p><p><br /></p>', '<p>本产品预订后，经二次确认后取消或修改订单将不予退款。</p>', '', 'no', '精准', '奢华', '领略', 'yes', '中文 英语', '亚洲', '日本', '东京', '', '', '', '医疗旅游', '', '', '', '', '', '', '', '', '入台证', '', NULL, NULL, NULL, NULL, NULL, NULL, NULL, NULL, NULL, NULL, NULL, NULL, NULL, NULL, NULL, NULL, NULL, NULL, NULL);
INSERT INTO `travel_product` (`id`, `category_id`, `admin_id`, `sn`, `name`, `price`, `stock`, `thumb`, `pic1`, `pic2`, `pic3`, `pic4`, `pic5`, `on_sale`, `recommend`, `add_time`, `desc`, `travel_ref`, `cost_desc`, `reserve_notice`, `restrict`, `info`, `recycle`, `highlight1`, `highlight2`, `highlight3`, `confirm`, `language`, `continent`, `country`, `city`, `start`, `path`, `end`, `detail_property`, `market_price`, `child_price`, `deposit`, `promotion`, `start_time`, `people`, `days`, `place_of_issue`, `visa_type`, `sent_visa_place`, `ship_depart_city`, `ship_route`, `ship_company`, `ship_name`, `ship_depart_time`, `plan1_name`, `plan1_price`, `plan2_name`, `plan2_price`, `plan3_name`, `plan3_price`, `plan4_name`, `plan4_price`, `plan5_name`, `plan5_price`, `plan6_name`, `plan6_price`, `info_fee`, `discount`) VALUES
(10, 11, 1, 'SWISSEXTREME001', '瑞士酒店8天7晚', 899, 89, '16.jpg', '8.jpg', '15.jpg', '18.jpg', '17.jpg', '19.jpg', 'yes', 'yes', '2020-04-22 10:41:20', '<p><strong><span style="font-size:21px;font-family:''华文新魏'';color:#00B050;">瑞士印象：</span></strong></p><p><span style="font-family:''微软雅黑'', sans-serif;color:rgb(51,51,51);">当汽车沿着广袤的公路一路前行，寻着蜿蜒山脉与静谧湖泊的踪迹，我才意识到自己终于来到了这里，沿途的万水千山，仿佛只为装点你我这场相遇。<span>Fairy Switzerland</span>，含笑致意，帷幕刚启。我特别喜欢那些充满人文气息的同时与自然和谐共存的精致小镇，显然瑞士的很多地方都是不错的选择，因特拉肯就是其中非常有代表性的一个。走在小镇中心的何维克街（<span>Hoheweg</span>）上，能发现各色各样的旅店，钟表行，巧克力商铺，与街平行的是一块广阔的绿草坪，草坪对面就是阿尔卑斯山，抬头就能看见雪山。之所以这么说，精致窗台只是镇上居民精致生活的一小部分，是因为除了这些，你还能看到天空中自由滑翔，畅快呼喊的户外运动发烧友，以及缓慢行驶在街边的仿中世纪马车……</span><span style="font-family:''微软雅黑'', ''sans-serif'';color:#333333;"><br /><br /></span></p><p><strong><span style="font-size:21px;font-family:''华文新魏'';color:#00B050;">瑞士极限运动推荐：</span></strong></p><p style="margin-left:28px;"><span style="font-size:19px;font-family:Wingdings;color:#00B050;">l<span style="font-size:9px;font-family:''Times New Roman'';">  </span></span><strong><span style="font-size:19px;font-family:''华文新魏'';color:#00B050;">威扎斯卡大坝：</span></strong><span style="font-family:''微软雅黑'', sans-serif;color:rgb(51,51,51);">据全球调查显示，这里是电影史上最好的特技拍摄点：在电影《黄金眼》中，詹姆士邦德从<span>220</span>米高的韦尔扎斯卡<span>(Verzasca)</span>大坝上纵身跳下。因此，在<span>Lago di Vogorno</span>湖的这项令人兴奋的极限运动也叫做<span>007</span>跳或黄金眼蹦极跳。</span><strong></strong></p><p style="margin-left:28px;"><span style="font-size:19px;font-family:Wingdings;color:#00B050;">l<span style="font-size:9px;font-family:''Times New Roman'';">  </span></span><strong><span style="font-size:19px;font-family:''华文新魏'';color:#00B050;">滑翔伞：</span></strong><span style="font-family:''微软雅黑'', sans-serif;color:rgb(51,51,51);">因特拉肯正在成为最棒的娱乐和探险运动之地。对于滑翔伞运动迷来说，因特拉肯早就以其众多的空中飞翔机会和几乎全年都良好的飞行条件而闻名。在阿尔卑斯环游途中，您可以站在阿尔卑斯山高海拔地区将山地全景尽收眼底，或者在悬挂式滑翔或者乘坐滑翔伞的旅行中更近距离地观赏景色，或者进行一次跳伞，绝对让您倍感刺激。</span></p><p style="margin-left:28px;"><span style="font-size:19px;font-family:Wingdings;color:#00B050;">l<span style="font-size:9px;font-family:''Times New Roman'';">  </span></span><strong><span style="font-size:19px;font-family:''华文新魏'';color:#00B050;">因特拉肯漂流：</span></strong><span style="font-family:''微软雅黑'', sans-serif;color:rgb(51,51,51);">瑞士最好的漂流旅行之一。这里有湍急汹涌的河水，有整个瑞士漂流观光景点中最美的终点站。不需要有漂流经验便可体验该项目。<span>Lütschin</span>是瑞士所有可供漂流的河流中最为有趣的河之一。发源于瑞士著名的山脉：艾格峰，僧侣峰和少女峰，<span>Lütschine</span>将这些山峰的冰川融水直接输送到因特拉肯，汇入布里恩茨湖。一条位于雄伟山峰和静谧湖泊背景之中的高山河流。</span></p><p style="margin-left:28px;"><span style="font-size:19px;font-family:Wingdings;color:#00B050;">l<span style="font-size:9px;font-family:''Times New Roman'';">  </span></span><strong><span style="font-size:19px;font-family:''华文新魏'';color:#00B050;">峡谷跳：</span></strong><span style="font-family:''微软雅黑'', sans-serif;color:rgb(51,51,51);">站在悬崖的边缘，克服恐惧跳入<span>85</span>米深的峡谷中。绳索使自由落体在河水的上方停住， 在越格林德瓦处的冰山峡谷之间做多次快速摇摆动作。</span></p><p style="margin-left:28px;"><span style="font-size:19px;font-family:Wingdings;color:#00B050;">l<span style="font-size:9px;font-family:''Times New Roman'';">  </span></span><strong><span style="font-size:19px;font-family:''华文新魏'';color:#00B050;">徒步：</span></strong><span style="font-family:''微软雅黑'', sans-serif;color:rgb(51,51,51);">瑞士的美属于阿尔卑斯崇山峻岭中的绿草､碧湖､雪山<span>...... </span>如何才能体验到瑞士的本色之美？不妨将自己投入到瑞士阿尔卑斯的青山绿水之中，进行一次瑞士徒步之旅，将自己彻底放归大自然，才能有所领略。</span></p><p style="margin-left:28px;"><span style="font-size:19px;font-family:Wingdings;color:#00B050;">l<span style="font-size:9px;font-family:''Times New Roman'';">  </span></span><strong><span style="font-size:19px;font-family:''华文新魏'';color:#00B050;">直升飞机：</span></strong><span style="font-family:''微软雅黑'', sans-serif;color:rgb(51,51,51);">直升机旅行，在国外早已成熟运营多年。直升机空中活动范围大，从低空数十米到中高空三四千米均是理想的飞行空间。直升机观光，视野从通常的平面转为立体中来，其飞行速度也较固定翼飞机低更适合观光。</span></p><p style="margin-left:28px;"><span style="font-size:19px;font-family:Wingdings;color:#00B050;">l<span style="font-size:9px;font-family:''Times New Roman'';">  </span></span><strong><span style="font-size:19px;font-family:''华文新魏'';color:#00B050;">代堡热气球：</span></strong><span style="font-family:''微软雅黑'', sans-serif;color:rgb(51,51,51);">这里是热气球的大本营。热气球之旅至少要持续<span>1</span>个小时，而与此相关的各种有趣的准备工作需要<span>3</span>—<span>4</span>个小时。从着陆位置中转回到代堡的费用包括在总价格中，您在代堡还可以去参观“<span>Espace</span>热气球”展览。每一位热气球乘客都将获得一份证书。</span></p><p style="margin-left:28px;"><span style="font-size:19px;font-family:Wingdings;color:#00B050;">l<span style="font-size:9px;font-family:''Times New Roman'';">  </span></span><strong><span style="font-size:19px;font-family:''华文新魏'';color:#00B050;">Lavey-les-Bains</span></strong><strong><span style="font-size:19px;font-family:''华文新魏'';color:#00B050;">温泉：</span></strong><span style="font-family:''微软雅黑'', sans-serif;color:rgb(51,51,51);">拉韦拥有瑞士温度最高的温泉之一，泉眼中涌出的温水温度高达<span>69</span>°<span>C</span>。沐浴者可以尽享拉韦温泉浴场矿泉水带来的健康疗效。</span></p><p style="margin-left:28px;"><span style="font-family:''微软雅黑'', sans-serif;color:rgb(51,51,51);"><br /></span></p><p style="margin-left:28px;"><span style="font-family:''微软雅黑'', sans-serif;color:rgb(51,51,51);"></span></p><p><strong><span style="font-size:19px;font-family:''微软雅黑'', ''sans-serif'';">极限运动报价表：</span></strong></p><p><strong><span style="font-family:''微软雅黑'', ''sans-serif'';color:#FF0000;">(</span></strong><strong><span style="font-family:''微软雅黑'', ''sans-serif'';color:#FF0000;">以下价格仅供参考，具体以实际价格为准<span>)</span></span></strong><strong></strong></p><p><span style="font-size:12px;font-family:''宋体'';"> </span></p><table border="1" cellspacing="0" cellpadding="0" style="border:none;"><tbody><tr><td width="134" valign="top" style="width:134px;border-width:1px;border-color:#000000;padding:0 7px;"><p><strong><span style="font-size:12px;font-family:''宋体'';">项目名称</span></strong></p></td><td width="139" valign="top" style="width:139px;border-top-width:1px;border-right-width:1px;border-bottom-width:1px;border-top-color:#000000;border-right-color:#000000;border-bottom-color:#000000;border-left-style:none;padding:0 7px;"><p><strong><span style="font-size:12px;font-family:''宋体'';">价格</span></strong></p></td><td width="158" valign="top" style="width:158px;border-top-width:1px;border-right-width:1px;border-bottom-width:1px;border-top-color:#000000;border-right-color:#000000;border-bottom-color:#000000;border-left-style:none;padding:0 7px;"><p><strong><span style="font-size:12px;font-family:''宋体'';">说明</span></strong></p></td><td width="137" valign="top" style="width:137px;border-top-width:1px;border-right-width:1px;border-bottom-width:1px;border-top-color:#000000;border-right-color:#000000;border-bottom-color:#000000;border-left-style:none;padding:0 7px;"><p><strong><span style="font-size:12px;font-family:''宋体'';">备注</span></strong></p></td></tr><tr><td width="134" valign="top" style="width:134px;border-right-width:1px;border-bottom-width:1px;border-left-width:1px;border-right-color:#000000;border-bottom-color:#000000;border-left-color:#000000;border-top-style:none;padding:0 7px;"><p><span style="font-size:12px;font-family:''宋体'';">威扎斯卡大坝蹦极</span></p></td><td width="139" valign="top" style="width:139px;border-top-style:none;border-left-style:none;border-bottom-width:1px;border-bottom-color:#000000;border-right-width:1px;border-right-color:#000000;padding:0 7px;"><p><span style="font-size:12px;font-family:''宋体'';">60</span><span style="font-size:12px;font-family:''宋体'';">欧元<span>/</span>人</span></p></td><td width="158" valign="top" style="width:158px;border-top-style:none;border-left-style:none;border-bottom-width:1px;border-bottom-color:#000000;border-right-width:1px;border-right-color:#000000;padding:0 7px;"><p><span style="font-size:12px;font-family:''宋体'';">在这里蹦极可是对你勇气的一个极大的考验，成功者最后会得到老板给出的荣誉证书。</span></p></td><td width="137" valign="top" style="width:137px;border-top-style:none;border-left-style:none;border-bottom-width:1px;border-bottom-color:#000000;border-right-width:1px;border-right-color:#000000;padding:0 7px;"><p><span style="font-size:12px;font-family:''宋体'';">无需预约，现场报名</span></p></td></tr><tr><td width="134" rowspan="6" valign="top" style="width:134px;border-right-width:1px;border-bottom-width:1px;border-left-width:1px;border-right-color:#000000;border-bottom-color:#000000;border-left-color:#000000;border-top-style:none;padding:0 7px;"><p><span style="font-size:12px;font-family:''宋体'';">因特拉肯滑翔伞</span></p></td><td width="139" valign="top" style="width:139px;border-top-style:none;border-left-style:none;border-bottom-width:1px;border-bottom-color:#000000;border-right-width:1px;border-right-color:#000000;padding:0 7px;"><p><span style="font-size:12px;font-family:''宋体'';">190</span><span style="font-size:12px;font-family:''宋体'';">欧元<span>/</span>人</span></p></td><td width="158" valign="top" style="width:158px;border-top-style:none;border-left-style:none;border-bottom-width:1px;border-bottom-color:#000000;border-right-width:1px;border-right-color:#000000;padding:0 7px;"><p><span style="font-size:13px;color:#FF0000;">the star</span><span style="font-size:13px;font-family:''宋体'';">：</span></p><p><span style="font-size:13px;">take off: Beatenberg</span></p><p><span style="font-size:13px;font-family:''宋体'';">飞行时间</span><span style="font-size:13px;">:10-20min</span></p><p><span style="font-size:13px;font-family:''宋体'';">用时</span><span style="font-size:13px;">:75-90min</span></p></td><td width="137" rowspan="6" valign="top" style="width:137px;border-top-style:none;border-left-style:none;border-bottom-width:1px;border-bottom-color:#000000;border-right-width:1px;border-right-color:#000000;padding:0 7px;"><p><span style="font-size:12px;font-family:''宋体'';">时间：每天根据天气情况</span></p><p><span style="font-size:12px;font-family:''宋体'';">舒适的衣服，好鞋<span><br />   </span>重量：最大九十千克<span>/ 200</span>磅<span><br />   </span>时间：约<span>1,5</span>小时因特拉肯<span><br />   </span>包括：合格的飞行员，材料和运输</span></p><p><span style="font-size:12px;font-family:''宋体'';color:#FF0000;">Ps</span><span style="font-size:12px;font-family:''宋体'';color:#FF0000;">：照片服务：图片的航班上提供的要求，<span>35</span>欧元<span>/</span>次<span>/</span>张</span></p></td></tr><tr><td width="139" valign="top" style="width:139px;border-top-style:none;border-left-style:none;border-bottom-width:1px;border-bottom-color:#000000;border-right-width:1px;border-right-color:#000000;padding:0 7px;"><p><span style="font-size:12px;font-family:''宋体'';">240</span><span style="font-size:12px;font-family:''宋体'';">欧元<span>/</span>人</span></p></td><td width="158" valign="top" style="width:158px;border-top-style:none;border-left-style:none;border-bottom-width:1px;border-bottom-color:#000000;border-right-width:1px;border-right-color:#000000;padding:0 7px;"><p><span style="font-size:13px;color:#FF0000;">the mega star</span><span style="font-size:13px;font-family:''宋体'';">：</span></p><p><span style="font-size:13px;">take off: Beatenberg</span></p><p><span style="font-size:13px;font-family:''宋体'';">飞行时间</span><span style="font-size:13px;">:30-45min</span></p><p><span style="font-size:13px;font-family:''宋体'';">用时</span><span style="font-size:13px;">:90min</span></p></td></tr><tr><td width="139" valign="top" style="width:139px;border-top-style:none;border-left-style:none;border-bottom-width:1px;border-bottom-color:#000000;border-right-width:1px;border-right-color:#000000;padding:0 7px;"><p><span style="font-size:12px;font-family:''宋体'';">280</span><span style="font-size:12px;font-family:''宋体'';">欧元<span>/</span>人</span></p></td><td width="158" valign="top" style="width:158px;border-top-style:none;border-left-style:none;border-bottom-width:1px;border-bottom-color:#000000;border-right-width:1px;border-right-color:#000000;padding:0 7px;"><p><span style="font-size:13px;color:#FF0000;">the high star</span></p><p><span style="font-size:13px;">take off: Niederhorn</span></p><p><span style="font-size:13px;font-family:''宋体'';">飞行时间</span><span style="font-size:13px;">:15-30min</span></p><p><span style="font-size:13px;font-family:''宋体'';">用时</span><span style="font-size:13px;">:120min</span></p></td></tr><tr><td width="139" valign="top" style="width:139px;border-top-style:none;border-left-style:none;border-bottom-width:1px;border-bottom-color:#000000;border-right-width:1px;border-right-color:#000000;padding:0 7px;"><p><span style="font-size:12px;font-family:''宋体'';">280</span><span style="font-size:12px;font-family:''宋体'';">欧元<span>/</span>人</span></p></td><td width="158" valign="top" style="width:158px;border-top-style:none;border-left-style:none;border-bottom-width:1px;border-bottom-color:#000000;border-right-width:1px;border-right-color:#000000;padding:0 7px;"><p><span style="font-size:13px;color:#FF0000;">the sunset star</span></p><p><span style="font-size:13px;">take off: Schynige Platte / Breitlauenen</span></p><p><span style="font-size:13px;font-family:''宋体'';">飞行时间</span><span style="font-size:13px;">:15-30min</span></p><p><span style="font-size:13px;font-family:''宋体'';">用时</span><span style="font-size:13px;">:120-180min</span></p></td></tr><tr><td width="139" valign="top" style="width:139px;border-top-style:none;border-left-style:none;border-bottom-width:1px;border-bottom-color:#000000;border-right-width:1px;border-right-color:#000000;padding:0 7px;"><p><span style="font-size:12px;font-family:''宋体'';">290</span><span style="font-size:12px;font-family:''宋体'';">欧元<span>/</span>人</span></p></td><td width="158" valign="top" style="width:158px;border-top-style:none;border-left-style:none;border-bottom-width:1px;border-bottom-color:#000000;border-right-width:1px;border-right-color:#000000;padding:0 7px;"><p><span style="font-size:13px;color:#FF0000;">the long stairs star</span></p><p><span style="font-size:13px;">take off: Niesen</span></p><p><span style="font-size:13px;font-family:''宋体'';">飞行时间</span><span style="font-size:13px;">:20-40min</span></p><p><span style="font-size:13px;font-family:''宋体'';">用时</span><span style="font-size:13px;">:120-180min</span></p></td></tr><tr><td width="139" valign="top" style="width:139px;border-top-style:none;border-left-style:none;border-bottom-width:1px;border-bottom-color:#000000;border-right-width:1px;border-right-color:#000000;padding:0 7px;"><p><span style="font-size:12px;font-family:''宋体'';">330</span><span style="font-size:12px;font-family:''宋体'';">欧元<span>/</span>人</span></p></td><td width="158" valign="top" style="width:158px;border-top-style:none;border-left-style:none;border-bottom-width:1px;border-bottom-color:#000000;border-right-width:1px;border-right-color:#000000;padding:0 7px;"><p><span style="font-size:13px;color:#FF0000;">the james bond</span></p><p><span style="font-size:13px;">take off: Schilthorn</span></p><p><span style="font-size:13px;font-family:''宋体'';">飞行时间</span><span style="font-size:13px;">:25-45min</span></p><p><span style="font-size:13px;font-family:''宋体'';">用时</span><span style="font-size:13px;">: 2hours(3hours from   Interlaken)</span></p></td></tr><tr><td width="134" valign="top" style="width:134px;border-right-width:1px;border-bottom-width:1px;border-left-width:1px;border-right-color:#000000;border-bottom-color:#000000;border-left-color:#000000;border-top-style:none;padding:0 7px;"><p><span style="font-size:12px;font-family:''宋体'';">因特拉肯峡谷跳</span></p></td><td width="139" valign="top" style="width:139px;border-top-style:none;border-left-style:none;border-bottom-width:1px;border-bottom-color:#000000;border-right-width:1px;border-right-color:#000000;padding:0 7px;"><p><span style="font-size:12px;font-family:''宋体'';">160</span><span style="font-size:12px;font-family:''宋体'';">欧元<span>/</span>人</span></p></td><td width="158" valign="top" style="width:158px;border-top-style:none;border-left-style:none;border-bottom-width:1px;border-bottom-color:#000000;border-right-width:1px;border-right-color:#000000;padding:0 7px;"><p><span style="font-size:12px;font-family:''宋体'';">85</span><span style="font-size:12px;font-family:''宋体'';">米</span></p><p><span style="font-size:12px;font-family:''宋体'';">包括：装备和交通</span></p><p><span style="font-size:12px;font-family:''宋体'';">时长：<span>3</span>小时</span></p><p><span style="font-size:12px;font-family:''宋体'';">开始：<span>16:00</span></span></p><p><span style="font-size:12px;font-family:''宋体'';">自备：保暖服</span></p></td><td width="137" valign="top" style="width:137px;border-top-style:none;border-left-style:none;border-bottom-width:1px;border-bottom-color:#000000;border-right-width:1px;border-right-color:#000000;padding:0 7px;"><p><span style="font-size:12px;font-family:''宋体'';">注：拍照留念<span>30</span>欧元<span>/</span>张<span>/</span>次</span></p></td></tr><tr><td width="134" valign="top" style="width:134px;border-right-width:1px;border-bottom-width:1px;border-left-width:1px;border-right-color:#000000;border-bottom-color:#000000;border-left-color:#000000;border-top-style:none;padding:0 7px;"><p><span style="font-size:12px;font-family:''宋体'';">雪朗峰登山缆车票</span></p></td><td width="139" valign="top" style="width:139px;border-top-style:none;border-left-style:none;border-bottom-width:1px;border-bottom-color:#000000;border-right-width:1px;border-right-color:#000000;padding:0 7px;"><p><span style="font-size:12px;font-family:''宋体'';">95</span><span style="font-size:12px;font-family:''宋体'';">欧元<span>/</span>人</span></p></td><td width="158" valign="top" style="width:158px;border-top-style:none;border-left-style:none;border-bottom-width:1px;border-bottom-color:#000000;border-right-width:1px;border-right-color:#000000;padding:0 7px;"><p><span style="font-size:12px;font-family:''宋体'';">4</span><span style="font-size:12px;font-family:''宋体'';">段缆车</span></p><p><span style="font-size:12px;font-family:''宋体'';">“邦德，詹姆斯·邦德”。这个无人能敌的特工让雪朗峰一夜之间名声大噪。这座拥有震撼人心的壮丽全景图的山峰如今是少女峰地区最富魅力的旅游胜地。座落在雪朗峰山脚的米伦是一个令人如此心旷神怡、流连忘返的小山村。</span></p></td><td width="137" valign="top" style="width:137px;border-top-style:none;border-left-style:none;border-bottom-width:1px;border-bottom-color:#000000;border-right-width:1px;border-right-color:#000000;padding:0 7px;"><p><span style="font-size:12px;font-family:''宋体'';">导游若陪同，客人需要支付导游费用。</span></p></td></tr><tr><td width="134" rowspan="3" valign="top" style="width:134px;border-right-width:1px;border-bottom-width:1px;border-left-width:1px;border-right-color:#000000;border-bottom-color:#000000;border-left-color:#000000;border-top-style:none;padding:0 7px;"><p><span style="font-size:12px;font-family:''宋体'';">因特拉肯直升飞机</span></p></td><td width="139" valign="top" style="width:139px;border-top-style:none;border-left-style:none;border-bottom-width:1px;border-bottom-color:#000000;border-right-width:1px;border-right-color:#000000;padding:0 7px;"><p><span style="font-size:12px;font-family:''宋体'';">190</span><span style="font-size:12px;font-family:''宋体'';">欧元<span>/</span>人</span></p></td><td width="158" valign="top" style="width:158px;border-top-style:none;border-left-style:none;border-bottom-width:1px;border-bottom-color:#000000;border-right-width:1px;border-right-color:#000000;padding:0 7px;"><p style="margin-right:20px;"><span style="font-size:12px;font-family:''宋体'';">线路<span>1</span>：</span><span><a href="http://www.swisshelicopter.ch/EN/home/scenic-flights/from-gsteigwiler-interlaken/from-gsteigwiler-interlaken/eiger-north-wall.html"><span style="font-size:12px;font-family:''宋体'';">Eiger   North Wall</span></a></span><span style="font-size:12px;font-family:''宋体'';">       </span></p><p style="margin-right:20px;"><span style="font-size:12px;font-family:''宋体'';">乘坐时间<span>9</span>分钟</span></p></td><td width="137" rowspan="3" valign="top" style="width:137px;border-top-style:none;border-left-style:none;border-bottom-width:1px;border-bottom-color:#000000;border-right-width:1px;border-right-color:#000000;padding:0 7px;"><p><span style="font-size:12px;font-family:''宋体'';"> </span></p></td></tr><tr><td width="139" valign="top" style="width:139px;border-top-style:none;border-left-style:none;border-bottom-width:1px;border-bottom-color:#000000;border-right-width:1px;border-right-color:#000000;padding:0 7px;"><p><span style="font-size:12px;font-family:''宋体'';">210</span><span style="font-size:12px;font-family:''宋体'';">欧元<span>/</span>人</span></p></td><td width="158" valign="top" style="width:158px;border-top-style:none;border-left-style:none;border-bottom-width:1px;border-bottom-color:#000000;border-right-width:1px;border-right-color:#000000;padding:0 7px;"><p style="margin-right:20px;"><span style="font-size:12px;font-family:''宋体'';">线路<span>2</span>：<span>Eiger - Mönch -   Jungfrau ''North''</span></span></p><p style="margin-right:20px;"><span style="font-size:12px;font-family:''宋体'';">乘坐时间<span>14</span>分钟<span>   </span></span></p></td></tr><tr><td width="139" valign="top" style="width:139px;border-top-style:none;border-left-style:none;border-bottom-width:1px;border-bottom-color:#000000;border-right-width:1px;border-right-color:#000000;padding:0 7px;"><p><span style="font-size:12px;font-family:''宋体'';">290</span><span style="font-size:12px;font-family:''宋体'';">欧元<span>/</span>人</span></p></td><td width="158" valign="top" style="width:158px;border-top-style:none;border-left-style:none;border-bottom-width:1px;border-bottom-color:#000000;border-right-width:1px;border-right-color:#000000;padding:0 7px;"><p><span style="font-size:12px;font-family:''宋体'';">线路<span>3</span>：<span>Eiger - Mönch - Jungfrau ''South'' </span></span></p><p><span style="font-size:12px;font-family:''宋体'';">乘坐时间<span>18</span>分钟<span>   </span></span></p></td></tr><tr><td width="134" valign="top" style="width:134px;border-right-width:1px;border-bottom-width:1px;border-left-width:1px;border-right-color:#000000;border-bottom-color:#000000;border-left-color:#000000;border-top-style:none;padding:0 7px;"><p><span style="font-size:12px;font-family:''宋体'';">代堡热气球</span></p></td><td width="139" valign="top" style="width:139px;border-top-style:none;border-left-style:none;border-bottom-width:1px;border-bottom-color:#000000;border-right-width:1px;border-right-color:#000000;padding:0 7px;"><p><span style="font-size:12px;font-family:''宋体'';">成人：<span>400</span>欧元<span>/</span>人</span></p><p><span style="font-size:12px;font-family:''宋体'';">儿童（<span>8-15</span>岁，身高<span>1.3</span>米以上）： <span>205.</span>欧元<span>/</span>人</span></p></td><td width="158" valign="top" style="width:158px;border-top-style:none;border-left-style:none;border-bottom-width:1px;border-bottom-color:#000000;border-right-width:1px;border-right-color:#000000;padding:0 7px;"><p><span style="font-size:13px;font-family:''宋体'';color:#333333;">国际热气球周：</span><span style="font-size:13px;font-family:Arial, ''sans-serif'';color:#333333;">2015.01.24-2015.02.01</span></p></td><td width="137" valign="top" style="width:137px;border-top-style:none;border-left-style:none;border-bottom-width:1px;border-bottom-color:#000000;border-right-width:1px;border-right-color:#000000;padding:0 7px;"><p><span style="font-size:12px;font-family:''宋体'';"> </span></p></td></tr></tbody></table><p style="margin-left:28px;"><span style="font-family:''微软雅黑'', sans-serif;color:rgb(51,51,51);"><br /></span><br /></p><p><br /></p>', '<table border="1" cellspacing="0" cellpadding="0" style="border:none;"><tbody><tr><td width="33" valign="top" style="width:33px;border-width:1px;border-color:#000000;padding:0 7px;"><p><span style="font-family:''宋体'';">日期</span></p></td><td width="60" valign="top" style="width:60px;border-top-width:1px;border-right-width:1px;border-bottom-width:1px;border-top-color:#000000;border-right-color:#000000;border-bottom-color:#000000;border-left-style:none;padding:0 7px;"><p><span style="font-family:''宋体'';">工具</span></p></td><td width="312" valign="top" style="width:312px;border-top-width:1px;border-right-width:1px;border-bottom-width:1px;border-top-color:#000000;border-right-color:#000000;border-bottom-color:#000000;border-left-style:none;padding:0 7px;"><p><span style="font-family:''宋体'';">行程</span></p></td><td width="314" valign="top" style="width:314px;border-top-width:1px;border-right-width:1px;border-bottom-width:1px;border-top-color:#000000;border-right-color:#000000;border-bottom-color:#000000;border-left-style:none;padding:0 7px;"><p><span style="font-family:''宋体'';">插图</span></p></td></tr><tr><td width="33" valign="top" style="width:33px;border-right-width:1px;border-bottom-width:1px;border-left-width:1px;border-right-color:#000000;border-bottom-color:#000000;border-left-color:#000000;border-top-style:none;padding:0 7px;"><p><span>D1</span></p></td><td width="60" valign="top" style="width:60px;border-top-style:none;border-left-style:none;border-bottom-width:1px;border-bottom-color:#000000;border-right-width:1px;border-right-color:#000000;padding:0 7px;"><p><span style="font-family:''宋体'';">飞机巴士</span></p></td><td width="312" valign="top" style="width:312px;border-top-style:none;border-left-style:none;border-bottom-width:1px;border-bottom-color:#000000;border-right-width:1px;border-right-color:#000000;padding:0 7px;"><p><span style="font-family:''宋体'';">接机</span>   <span style="font-family:''宋体'';">苏黎世</span><span>Zurich</span></p><p><span style="font-size:12px;font-family:''宋体'';">抵达瑞士最大的城市苏黎世后，入住酒店休息。</span></p></td><td width="314" valign="top" style="width:314px;border-top-style:none;border-left-style:none;border-bottom-width:1px;border-bottom-color:#000000;border-right-width:1px;border-right-color:#000000;padding:0 7px;"><p><span> </span></p></td></tr><tr><td width="33" valign="top" style="width:33px;border-right-width:1px;border-bottom-width:1px;border-left-width:1px;border-right-color:#000000;border-bottom-color:#000000;border-left-color:#000000;border-top-style:none;padding:0 7px;"><p><span>D2</span></p></td><td width="60" valign="top" style="width:60px;border-top-style:none;border-left-style:none;border-bottom-width:1px;border-bottom-color:#000000;border-right-width:1px;border-right-color:#000000;padding:0 7px;"><p><span style="font-family:''宋体'';">巴士</span></p></td><td width="312" valign="top" style="width:312px;border-top-style:none;border-left-style:none;border-bottom-width:1px;border-bottom-color:#000000;border-right-width:1px;border-right-color:#000000;padding:0 7px;"><p><span style="font-family:''宋体'';">苏黎世</span><span>Zurich- </span><span style="font-family:''宋体'';">洛迦诺</span><span>Locarno</span></p><p style="line-height:22px;"><span style="font-size:12px;font-family:''宋体'';">位于瑞士洛迦诺附近的威扎斯卡大坝（<span>Verzasca   Dam</span>）是拍摄《<span>007</span>黄金眼》蹦极场面的理想地点，在这里将要完成电影史上的惊人一跳：<span>200</span>多米的蹦极跳！</span></p><p><span style="font-size:12px;font-family:''宋体'';">自从<span>007</span>在大坝中纵身一跳后，大坝就出了名了，而且<span>220</span>米高的大坝至今是现在世界上蹦极最高的地方<span>.</span></span></p><p><span style="font-size:12px;font-family:''宋体'';">在这里蹦极可是对你勇气的一个极大的考验，成功者最后会得到老板给出的荣誉证书。</span></p></td><td width="314" valign="top" style="width:314px;border-top-style:none;border-left-style:none;border-bottom-width:1px;border-bottom-color:#000000;border-right-width:1px;border-right-color:#000000;padding:0 7px;"><p><span> <img src="/opentrip/Public/Uploads/desc/2016-06/22/14665921843575.jpg" alt="14665921843575.jpg" style="width:160px;height:103px;" /></span></p><p><span></span></p></td></tr><tr><td width="33" valign="top" style="width:33px;border-right-width:1px;border-bottom-width:1px;border-left-width:1px;border-right-color:#000000;border-bottom-color:#000000;border-left-color:#000000;border-top-style:none;padding:0 7px;"><p><span>D3</span></p></td><td width="60" valign="top" style="width:60px;border-top-style:none;border-left-style:none;border-bottom-width:1px;border-bottom-color:#000000;border-right-width:1px;border-right-color:#000000;padding:0 7px;"><p><span style="font-family:''宋体'';">巴士</span></p><p><span style="font-family:''宋体'';">滑翔伞</span></p></td><td width="312" valign="top" style="width:312px;border-top-style:none;border-left-style:none;border-bottom-width:1px;border-bottom-color:#000000;border-right-width:1px;border-right-color:#000000;padding:0 7px;"><p><span style="font-family:''宋体'';">洛迦诺</span><span>Locarno-</span><span style="font-family:''宋体'';">因特拉肯</span><span>Interlaken</span></p><p><span style="font-size:12px;font-family:''宋体'';">无论在水中还是在岩石上<span>——</span>因特拉肯在相当紧凑的区域内为游客提供了丰富多彩的休闲活动。近年来，因特拉肯成为一个重要的冒险运动中心。滑翔的翼伞现在几乎已经成为因特拉肯形象的一部分。更多雄心勃勃的<span>“</span>高飞者<span>”</span>可以预订参加跳伞活动，从高空俯瞰大地，欣赏一幅独特的美丽画卷。该地区的河流也为游客准备了各种清凉的活动，包括乘筏漂流、独木舟和水上竞速等。山地自行车观光和精品小径远足为游客提供了亲近大自然的机会<span>——</span>沿途您会欣赏到湛蓝的湖泊和雄伟的高山。</span></p><p><span style="font-size:12px;font-family:''宋体'';">悬挂滑翔速度快和动态。你飞在卧位和获得<span>birdís</span>眼鉴于新的视野。我们的飞行员进行培训和认证的瑞士悬挂滑翔和滑翔伞协会<span>SHPA </span>，并具有多年的经验。 </span></p></td><td width="314" valign="top" style="width:314px;border-top-style:none;border-left-style:none;border-bottom-width:1px;border-bottom-color:#000000;border-right-width:1px;border-right-color:#000000;padding:0 7px;"><p><span> <img src="/opentrip/Public/Uploads/desc/2016-06/22/14665921923358.jpg" alt="14665921923358.jpg" style="width:226px;height:172px;" /></span></p><p><span><br /></span></p><p><span></span></p></td></tr><tr><td width="33" valign="top" style="width:33px;border-right-width:1px;border-bottom-width:1px;border-left-width:1px;border-right-color:#000000;border-bottom-color:#000000;border-left-color:#000000;border-top-style:none;padding:0 7px;"><p><span>D4</span></p></td><td width="60" valign="top" style="width:60px;border-top-style:none;border-left-style:none;border-bottom-width:1px;border-bottom-color:#000000;border-right-width:1px;border-right-color:#000000;padding:0 7px;"><p><span style="font-family:''宋体'';">巴士</span></p><p><span style="font-family:''宋体'';">缆车</span></p><p><span style="font-family:''宋体'';">徒步</span></p></td><td width="312" valign="top" style="width:312px;border-top-style:none;border-left-style:none;border-bottom-width:1px;border-bottom-color:#000000;border-right-width:1px;border-right-color:#000000;padding:0 7px;"><p><span style="font-family:''宋体'';">因特拉肯</span><span>-</span><span style="font-family:''宋体'';">雪朗峰</span><span>schilthorn-</span><span style="font-family:''宋体'';">因特拉肯</span></p><p><span style="font-size:12px;font-family:''宋体'';">从米伦乘缆车，在几分钟内带您上至海拔<span>1907</span>米的艾尔蒙德呼贝尔。在宽敞的阳光露台上享受无边景致，或者发掘米伦<span>—</span>雪朗峰地区这一徒步旅行的天堂，在路上尽情感受阿尔卑斯风光。您也可在<span>360</span>°的<span>Piz Gloria</span>旋转餐厅用餐，同时欣赏群峰美景静静划过眼前。<span><br />   </span>除了冬季滑雪，夏季您还可以在这里徒步旅行。</span></p><p><span style="font-size:12px;font-family:''宋体'';">北坡徒步小径：<span><br />   </span>路线：<span>Mürren - Spielbodenalp - Schiltalp - Blumental –   Allmendhubel <br />   </span>单程<span>2</span>小时<span>30</span>分钟<span><br />   </span>该路线最大特色为沿途欣赏伯尔尼高地阿尔卑斯山北坡的震撼美景。沿途设有<span>12</span>个信息指示牌。需穿户外鞋。</span></p><p><span style="font-size:12px;font-family:''宋体'';">山景小径<span><br />   </span>路线：<span>Allmendhubel - Dorenhubel – Grütschalp<br />   </span>单程<span>1</span>小时<span>30</span>分钟<span><br />   </span>欣赏艾格峰、僧侣峰和少女峰</span></p></td><td width="314" valign="top" style="width:314px;border-top-style:none;border-left-style:none;border-bottom-width:1px;border-bottom-color:#000000;border-right-width:1px;border-right-color:#000000;padding:0 7px;"><p><img src="/opentrip/Public/Uploads/desc/2016-06/22/14665923877051.jpg" alt="14665923877051.jpg" style="width:141px;height:89px;" /></p><p><img src="/opentrip/Public/Uploads/desc/2016-06/22/146659238949.jpg" style="width:0px;height:0px;" alt="146659238949.jpg" /></p><p><img src="/opentrip/Public/Uploads/desc/2016-06/22/14665924267963.jpg" alt="14665924267963.jpg" style="width:140px;height:89px;" /></p></td></tr><tr><td width="33" valign="top" style="width:33px;border-right-width:1px;border-bottom-width:1px;border-left-width:1px;border-right-color:#000000;border-bottom-color:#000000;border-left-color:#000000;border-top-style:none;padding:0 7px;"><p><span>D5</span></p></td><td width="60" valign="top" style="width:60px;border-top-style:none;border-left-style:none;border-bottom-width:1px;border-bottom-color:#000000;border-right-width:1px;border-right-color:#000000;padding:0 7px;"><p><span style="font-family:''宋体'';">巴士</span></p><p><span style="font-family:''宋体'';">直升</span></p><p><span style="font-family:''宋体'';">飞机</span></p></td><td width="312" valign="top" style="width:312px;border-top-style:none;border-left-style:none;border-bottom-width:1px;border-bottom-color:#000000;border-right-width:1px;border-right-color:#000000;padding:0 7px;"><p><span style="font-family:''宋体'';">因特拉肯直升飞机</span></p><p style="margin-right:20px;"><span style="font-family:''宋体'';">线路</span><span>1</span><span style="font-family:''宋体'';">：</span><span><a href="http://www.swisshelicopter.ch/EN/home/scenic-flights/from-gsteigwiler-interlaken/from-gsteigwiler-interlaken/eiger-north-wall.html"><span style="color:#000000;">Eiger North Wall</span></a><span style="color:#000000;">  </span>     </span><span style="font-family:''宋体'';">乘坐时间</span><span>9</span><span style="font-family:''宋体'';">分钟</span></p><p style="margin-right:20px;"><span style="font-family:''宋体'';">线路</span><span>2</span><span style="font-family:''宋体'';">：</span><span>Eiger - Mönch - Jungfrau ''North''</span><span style="font-family:''宋体'';">时间</span><span>14</span><span style="font-family:''宋体'';">分钟</span><span>  </span></p><p style="margin-right:20px;"><span style="font-family:''宋体'';">线路</span><span>3</span><span style="font-family:''宋体'';">：</span><span>Eiger - Mönch - Jungfrau ''South'' </span><span style="font-family:''宋体'';">时间</span><span>18</span><span style="font-family:''宋体'';">分钟</span><span>  </span><strong></strong></p></td><td width="314" valign="top" style="width:314px;border-top-style:none;border-left-style:none;border-bottom-width:1px;border-bottom-color:#000000;border-right-width:1px;border-right-color:#000000;padding:0 7px;"><br /><table border="0" cellspacing="0" cellpadding="0"><tbody><tr style="height:15px;"><td width="556" colspan="3" style="width:556px;padding:0 0 0 0;height:15px;"><p></p></td></tr><tr><td width="553" style="width:553px;padding:0 0 0 0;"><p><img src="/opentrip/Public/Uploads/desc/2016-06/22/14665924809821.jpg" alt="14665924809821.jpg" style="width:165px;height:104px;" /></p><p><img src="/opentrip/Public/Uploads/desc/2016-06/22/14665924817211.jpg" style="width:193px;height:182px;" alt="14665924817211.jpg" /></p><p><br /></p></td><td width="1" style="width:1px;padding:0 0 0 0;"><p><span style="font-size:13px;font-family:''Times New Roman'', serif;"> </span></p></td></tr></tbody></table><p><span><a href=""><span style="font-size:16px;font-family:''宋体'';color:#0000FF;"></span></a></span></p><p><strong><span></span></strong></p></td></tr><tr><td width="33" valign="top" style="width:33px;border-right-width:1px;border-bottom-width:1px;border-left-width:1px;border-right-color:#000000;border-bottom-color:#000000;border-left-color:#000000;border-top-style:none;padding:0 7px;"><p><span>D6</span></p></td><td width="60" valign="top" style="width:60px;border-top-style:none;border-left-style:none;border-bottom-width:1px;border-bottom-color:#000000;border-right-width:1px;border-right-color:#000000;padding:0 7px;"><p><span style="font-family:''宋体'';">巴士</span></p><p><span style="font-family:''宋体'';">热气球</span></p></td><td width="312" valign="top" style="width:312px;border-top-style:none;border-left-style:none;border-bottom-width:1px;border-bottom-color:#000000;border-right-width:1px;border-right-color:#000000;padding:0 7px;"><p><span style="font-family:''宋体'';">因特拉肯</span><span>-</span><span style="font-family:''宋体'';">代堡</span><span>Chateau d-Oex-</span><span style="font-family:''宋体'';">蒙特勒</span></p><p><span style="font-size:13px;font-family:''宋体'';color:#333333;">酒店早餐后，这里是热气球的大本营。抵达后可以选择自费体验热气球，午餐后参观热气球博物馆，这里记录了航空和热气球运动的发展历史。科幻小说家儒勒</span><span style="font-size:13px;font-family:Arial, ''sans-serif'';color:#333333;">·</span><span style="font-size:13px;font-family:''宋体'';color:#333333;">凡尔纳曾在其作品中描述过热气球运动，探险家皮卡尔和琼斯也曾乘热气球成功环球飞行一周，所以热气球是这里的明星。</span></p><p><span style="font-size:13px;font-family:''宋体'';color:#333333;">博物馆营业时间：周二</span><span style="font-size:13px;font-family:Arial, ''sans-serif'';color:#333333;">-</span><span style="font-size:13px;font-family:''宋体'';color:#333333;">周日（</span><span style="font-size:13px;font-family:Arial, ''sans-serif'';color:#333333;">14</span><span style="font-size:13px;font-family:''宋体'';color:#333333;">：</span><span style="font-size:13px;font-family:Arial, ''sans-serif'';color:#333333;">00-17</span><span style="font-size:13px;font-family:''宋体'';color:#333333;">：</span><span style="font-size:13px;font-family:Arial, ''sans-serif'';color:#333333;">00</span><span style="font-size:13px;font-family:''宋体'';color:#333333;">）</span></p><p><span style="font-size:13px;font-family:''宋体'';color:#333333;">您的热气球之旅至少要持续</span><span style="font-size:13px;font-family:Arial, ''sans-serif'';color:#333333;">1</span><span style="font-size:13px;font-family:''宋体'';color:#333333;">个小时，而与此相关的各种有趣的准备工作需要</span><span style="font-size:13px;font-family:Arial, ''sans-serif'';color:#333333;">3</span><span style="font-size:13px;font-family:''宋体'';color:#333333;">—</span><span style="font-size:13px;font-family:Arial, ''sans-serif'';color:#333333;">4</span><span style="font-size:13px;font-family:''宋体'';color:#333333;">个小时。从着陆位置中转回到代堡的费用包括在总价格中，您在代堡还可以去参观“</span><span style="font-size:13px;font-family:Arial, ''sans-serif'';color:#333333;">Espace</span><span style="font-size:13px;font-family:''宋体'';color:#333333;">热气球”展览。每一位热气球乘客都将获得一份证书。</span></p></td><td width="314" valign="top" style="width:314px;border-top-style:none;border-left-style:none;border-bottom-width:1px;border-bottom-color:#000000;border-right-width:1px;border-right-color:#000000;padding:0 7px;"><p><span><br />   </span></p><p><span> <img src="/opentrip/Public/Uploads/desc/2016-06/22/1466592510604.jpg" alt="1466592510604.jpg" style="width:191px;height:123px;" /></span></p></td></tr><tr><td width="33" valign="top" style="width:33px;border-right-width:1px;border-bottom-width:1px;border-left-width:1px;border-right-color:#000000;border-bottom-color:#000000;border-left-color:#000000;border-top-style:none;padding:0 7px;"><p><span>D7</span></p></td><td width="60" valign="top" style="width:60px;border-top-style:none;border-left-style:none;border-bottom-width:1px;border-bottom-color:#000000;border-right-width:1px;border-right-color:#000000;padding:0 7px;"><p><span style="font-family:''宋体'';">巴士</span></p></td><td width="312" valign="top" style="width:312px;border-top-style:none;border-left-style:none;border-bottom-width:1px;border-bottom-color:#000000;border-right-width:1px;border-right-color:#000000;padding:0 7px;"><h2 style="margin-bottom:0;line-height:30px;"><span style="font-size:15px;font-family:''宋体'';">蒙特勒</span><span style="font-size:15px;font-family:Calibri, sans-serif;">-Lavey-les-Bains-</span><span style="font-size:15px;font-family:''宋体'';">日内瓦</span></h2><p style="line-height:23px;"><span style="font-size:13px;font-family:''宋体'';color:#333333;">早餐后，游览蒙特勒，日内瓦湖边幽静、浪漫的度假区</span><span style="font-size:13px;font-family:Arial, ''sans-serif'';color:#333333;">-</span><span style="font-size:13px;font-family:''宋体'';color:#333333;">蒙特勒，参观著名的水上城堡</span><span style="font-size:13px;font-family:Arial, ''sans-serif'';color:#333333;">-</span><span style="font-size:13px;font-family:''宋体'';color:#333333;">西雍古堡。这座建于八百多年前萨伏依大公时期的水上古堡，它三面环水，一面紧挨着湖岸，一座木桥通向入口，犹如桥头堡。古堡以暗褐色石块砌成，靠湖的城垛则是雪白的墙，四周塔楼围绕着中央高耸的金字塔楼，气势恢宏，脚下是万顷波涛，面对着湖山、雪峰，流淌了千百年。</span></p><p><span style="font-size:13px;font-family:''宋体'';color:#333333;">而后乘车前往，</span><span style="font-size:13px;font-family:''宋体'';color:#FF0000;">拉韦</span><span style="font-size:13px;font-family:Arial, ''sans-serif'';color:#FF0000;">(Lavey)</span><span style="font-size:13px;font-family:''宋体'';color:#FF0000;">温泉浴场</span></p><p><span style="font-size:13px;font-family:''宋体'';color:#333333;">拉韦拥有瑞士温度最高的温泉之一，泉眼中涌出的温水温度高达</span><span style="font-size:13px;font-family:Arial, ''sans-serif'';color:#333333;">69</span><span style="font-size:13px;font-family:''宋体'';color:#333333;">°</span><span style="font-size:13px;font-family:Arial, ''sans-serif'';color:#333333;">C</span><span style="font-size:13px;font-family:''宋体'';color:#333333;">。沐浴者可以尽享拉韦温泉浴场矿泉水带来的健康疗效。</span></p><p><span style="font-size:13px;font-family:''宋体'';color:#333333;">这里是幸福的天堂，向您敞开了大门！这里有按摩浴池、水流按摩管、蘑菇形喷泉、瀑布、急流水道和充水床垫。在这惬意而清新的环境中，丰富多彩的与水相关的活动和奢华享受等着您来体验。</span></p><p><span style="font-size:13px;font-family:''宋体'';color:#333333;">之后，前往日内瓦。</span></p></td><td width="314" valign="top" style="width:314px;border-top-style:none;border-left-style:none;border-bottom-width:1px;border-bottom-color:#000000;border-right-width:1px;border-right-color:#000000;padding:0 7px;"><p><span style="font-size:16px;font-family:''宋体'';"></span><img src="/opentrip/Public/Uploads/desc/2016-06/22/14665926475015.jpg" style="width:263px;height:282px;" alt="14665926475015.jpg" /></p></td></tr><tr><td width="33" valign="top" style="width:33px;border-right-width:1px;border-bottom-width:1px;border-left-width:1px;border-right-color:#000000;border-bottom-color:#000000;border-left-color:#000000;border-top-style:none;padding:0 7px;"><p><span>D8</span></p></td><td width="60" valign="top" style="width:60px;border-top-style:none;border-left-style:none;border-bottom-width:1px;border-bottom-color:#000000;border-right-width:1px;border-right-color:#000000;padding:0 7px;"><p><span style="font-family:''宋体'';">巴士</span></p><p><span style="font-family:''宋体'';">飞机</span></p></td><td width="312" valign="top" style="width:312px;border-top-style:none;border-left-style:none;border-bottom-width:1px;border-bottom-color:#000000;border-right-width:1px;border-right-color:#000000;padding:0 7px;"><p><span style="font-family:''宋体'';">离开</span>   <span style="font-family:''宋体'';">日内瓦</span></p><p><span style="font-size:13px;font-family:''宋体'';color:#333333;">早餐后，前往日内瓦机场</span> <span style="font-size:13px;font-family:''宋体'';color:#333333;">办理手续准备回到温暖的家</span></p></td><td width="314" valign="top" style="width:314px;border-top-style:none;border-left-style:none;border-bottom-width:1px;border-bottom-color:#000000;border-right-width:1px;border-right-color:#000000;padding:0 7px;"><p><span> </span></p></td></tr></tbody></table><p><strong><span style="font-size:21px;font-family:''华文新魏'';color:#00B050;"> </span></strong></p><p><br /></p>', '', '<p><span style="font-family:''宋体'';color:#000000;">【预订确认】本产品预订后，我们会根据客户的具体需求定制个性化方案后与客户进行二次确认。</span></p><p><span style="font-family:''宋体'';color:#000000;">【携带证件】请携带护照或其他有效身份证件参加本行程。</span></p><p><span style="font-family:''宋体'';color:#000000;">【特别提示】</span></p><p><span style="color:#000000;">1</span><span style="font-family:''宋体'';color:#000000;">．根据客人实际需求，线路、住宿、交通、报价等具体信息将通过邮件发送至客人邮箱进行二次确认。</span></p><p><span style="color:#000000;">2</span><span style="font-family:''宋体'';color:#000000;">．本产品以客人最终全额付款作为二次确认。</span></p><p><span style="font-family:''宋体'';color:#000000;">【不可转让】本产品一旦购买不能转让。</span></p><p><span style="font-family:''宋体'';color:#000000;">【迟到、未参加】因个人原因迟到或未参加行程，不予负责且不退款。</span></p><p><br /></p>', '<p>本产品预订后，经二次确认后取消或修改订单将不予退款。</p>', '', 'no', '滑翔伞', '', '', 'yes', '中文 英语', '欧洲', '瑞士', '苏黎世', '苏黎世', '洛迦诺 因特拉肯 蒙特勒', '日内瓦', '极限探险', '', '', '', '', '', '', '8天', '', '入台证', '', NULL, NULL, NULL, NULL, NULL, NULL, NULL, NULL, NULL, NULL, NULL, NULL, NULL, NULL, NULL, NULL, NULL, NULL, NULL);

-- --------------------------------------------------------

--
-- 表的结构 `travel_shopcart`
--

CREATE TABLE IF NOT EXISTS `travel_shopcart` (
  `id` int(10) unsigned NOT NULL AUTO_INCREMENT,
  `user_id` int(10) unsigned NOT NULL COMMENT '购买者ID',
  `add_time` timestamp NOT NULL DEFAULT CURRENT_TIMESTAMP COMMENT '加入购物车时间',
  `product_id` int(10) unsigned NOT NULL COMMENT '购买商品ID',
  `num` tinyint(3) unsigned NOT NULL COMMENT '购买商品数量',
  PRIMARY KEY (`id`)
) ENGINE=InnoDB DEFAULT CHARSET=utf8 AUTO_INCREMENT=1 ;

-- --------------------------------------------------------

--
-- 表的结构 `travel_user`
--

CREATE TABLE IF NOT EXISTS `travel_user` (
  `id` int(10) unsigned NOT NULL AUTO_INCREMENT,
  `username` varchar(20) NOT NULL COMMENT '用户名',
  `password` char(32) NOT NULL COMMENT '登录密码',
  `salt` char(6) NOT NULL COMMENT '密钥',
  `reg_time` timestamp NOT NULL DEFAULT CURRENT_TIMESTAMP COMMENT '注册时间',
  `phone` char(11) NOT NULL DEFAULT '' COMMENT '联系电话',
  `email` varchar(30) NOT NULL DEFAULT '' COMMENT '邮箱',
  `consignee` varchar(20) NOT NULL DEFAULT '' COMMENT '收件人',
  `address` varchar(255) NOT NULL DEFAULT '' COMMENT '收货地址',
  PRIMARY KEY (`id`),
  UNIQUE KEY `username` (`username`)
) ENGINE=InnoDB  DEFAULT CHARSET=utf8 AUTO_INCREMENT=6 ;

--
-- 转存表中的数据 `travel_user`
--

INSERT INTO `travel_user` (`id`, `username`, `password`, `salt`, `reg_time`, `phone`, `email`, `consignee`, `address`) VALUES
(1, 'user', '091993da4593642913e7cdfeb3d4d177', '60c22e', '2016-06-15 06:31:10', '13122229992', '123@bing.com', 'gaoxufeng233', '北京,东城区,,123'),
(3, 'admin', '93b1fd7256fd68b2d5f7b9c1ef4ce044', 'c7458f', '2016-06-22 05:57:48', '', '', '', ''),
(5, 'ryk', '0c20447cdf2fd7ef912a4261f352c234', '8bccde', '2020-06-29 06:46:48', '', '', '', '');

/*!40101 SET CHARACTER_SET_CLIENT=@OLD_CHARACTER_SET_CLIENT */;
/*!40101 SET CHARACTER_SET_RESULTS=@OLD_CHARACTER_SET_RESULTS */;
/*!40101 SET COLLATION_CONNECTION=@OLD_COLLATION_CONNECTION */;
